{
  "code": {
    "n_requests": 8819,
    "span_s": 3435.948056,
    "rate_rps": 2.5666860663390656,
    "ctx_mean": 2047.848282118154,
    "ctx_p50": 1469.0,
    "ctx_p99": 7436.0,
    "gen_mean": 27.88252636353328,
    "gen_p50": 13.0,
    "ctx_gen_ratio": 73.44557861860298,
    "index_of_dispersion": 71.30032639623222,
    "peak_to_mean": 12.75518766300034,
    "ia_cv": 13.151290974387395
  },
  "conv": {
    "n_requests": 19366,
    "span_s": 3501.7219370000003,
    "rate_rps": 5.530421989071829,
    "ctx_mean": 1154.6974078281523,
    "ctx_p50": 1020.0,
    "ctx_p99": 4142.0,
    "gen_mean": 211.12594237323142,
    "gen_p50": 129.0,
    "ctx_gen_ratio": 5.469235068170173,
    "index_of_dispersion": 4.003015535495138,
    "peak_to_mean": 1.7762057213673448,
    "ia_cv": 1.0941699818437898
  }
}