T,tau,gpu_util_mean,kv_util_mean,cache_resident_util_mean,parked_cache_util_mean,invisible_parked_frac,corr,parked_frac
1,0.0,0.3026315789473684,0.026154595021521412,0.026154595021521412,0.0,0.0,0.6609192100719923,0.0
4,4.0,0.21904761904761905,0.012912106783257871,0.06083045115780837,0.047918344374550455,0.1619047619047619,0.8495680572183866,0.6021787911768515
8,8.0,0.21845238095238095,0.014508976053727177,0.1611761539464754,0.14666717789274816,0.2619047619047619,0.7648787862141199,0.8952308067999658
16,8.0,0.19583333333333333,0.02105234543562161,0.25570438882051433,0.23465204338489276,0.24285714285714285,0.6712234775469405,0.9292998907771683
